<?xml version="1.0" encoding="UTF-8"?>
<project-private xmlns="http://www.netbeans.org/ns/project-private/1">
    <editor-bookmarks xmlns="http://www.netbeans.org/ns/editor-bookmarks/2" lastBookmarkId="0"/>
    <open-files xmlns="http://www.netbeans.org/ns/projectui-open-files/2">
        <group>
            <file>file:/C:/Users/luv2s/Desktop/EE2361_Final_Project/Final_Project_v001.X/Final_Project_main_v001.c</file>
            <file>file:/C:/Users/luv2s/Desktop/EE2361_Final_Project/Final_Project_v001.X/DRV8825_main_v001.h</file>
            <file>file:/C:/Users/luv2s/Desktop/EE2361_Final_Project/Final_Project_v001.X/DRV8825_main_v001.c</file>
        </group>
    </open-files>
</project-private>
